Pager,u'All articles needing additional references'
Pager,u'Articles needing additional references from June 2009'
Pager,u'Articles needing additional references from May 2009'
Pager,u'Articles with fictioncruft from August 2012'
Pager,u'Commons category with local link same as on Wikidata'
Pager,u'Consumer electronics'
Pager,u'Mobile technology'
Pager,u'Pagers'
Pager,u'Radio paging'
Pager,u'Telecommunications equipment'
Pager,"u'Use dmy dates from May 2011'
"
Typewriter,u'1873 introductions'
Typewriter,u'All articles containing potentially dated statements'
Typewriter,u'All articles with unsourced statements'
Typewriter,u'Articles containing potentially dated statements from 2009'
Typewriter,u'Articles containing video clips'
Typewriter,u'Articles with hAudio microformats'
Typewriter,u'Articles with inconsistent citation formats'
Typewriter,u'Articles with unsourced statements from December 2011'
Typewriter,u'Articles with unsourced statements from December 2012'
Typewriter,u'Articles with unsourced statements from February 2011'
Typewriter,u'Articles with unsourced statements from February 2015'
Typewriter,u'Articles with unsourced statements from July 2009'
Typewriter,u'Articles with unsourced statements from July 2012'
Typewriter,u'Articles with unsourced statements from July 2013'
Typewriter,u'Articles with unsourced statements from June 2011'
Typewriter,u'Articles with unsourced statements from March 2007'
Typewriter,u'Articles with unsourced statements from March 2015'
Typewriter,u'Articles with unsourced statements from May 2011'
Typewriter,u'Articles with unsourced statements from November 2015'
Typewriter,u'CS1 Romanian-language sources (ro)'
Typewriter,u'CS1 errors: external links'
Typewriter,u'Interlanguage link template link number'
Typewriter,u'Italian inventions'
Typewriter,u'Pages containing links to subscription-only content'
Typewriter,u'Text'
Typewriter,u'Typewriters'
Typewriter,"u'Wikipedia articles with GND identifiers'
"
Cotton gin,u'1793 introductions'
Cotton gin,u'Agricultural machinery'
Cotton gin,u'American inventions'
Cotton gin,u'Commons category with local link same as on Wikidata'
Cotton gin,u'Cotton gin'
Cotton gin,u'Cotton production'
Cotton gin,u'Slavery in the United States'
Cotton gin,u'Textile machinery'
Cotton gin,"u'Use mdy dates from November 2013'
"
Compass,u'Chinese inventions'
Compass,u'Magnetic devices'
Compass,u'Navigational equipment'
Compass,"u'Wikipedia articles with GND identifiers'
"
Car,u'All articles needing additional references'
Car,u'All articles with dead external links'
Car,u'Articles needing additional references from June 2010'
Car,u'Articles with dead external links from February 2016'
Car,u'Articles with dead external links from July 2011'
Car,u'Articles with dead external links from November 2015'
Car,u'Automobiles'
Car,u'Use dmy dates from September 2014'
Car,u'Wheeled vehicles'
Car,u'Wikipedia articles with GND identifiers'
Car,u'Wikipedia indefinitely move-protected pages'
Car,"u'Wikipedia pages semi-protected against vandalism'
"
Calculator,u'All articles needing additional references'
Calculator,u'All articles with specifically marked weasel-worded phrases'
Calculator,u'American inventions'
Calculator,u'Articles needing additional references from March 2009'
Calculator,u'Articles with Japanese-language external links'
Calculator,u'Articles with specifically marked weasel-worded phrases from December 2011'
Calculator,u'CS1 French-language sources (fr)'
Calculator,u'Calculators'
Calculator,u'Commons category with local link same as on Wikidata'
Calculator,u'Mathematical tools'
Calculator,u'Office equipment'
Calculator,u'Wikipedia external links cleanup from June 2014'
Calculator,"u'Wikipedia spam cleanup from June 2014'
"
Lightbulb joke,u'CS1 maint: Multiple names: authors list'
Lightbulb joke,u'Incandescent light bulbs'
Lightbulb joke,"u'Joke cycles'
"
Laptop,u'All articles needing additional references'
Laptop,u'All articles with unsourced statements'
Laptop,u'American inventions'
Laptop,u'Articles needing additional references from July 2016'
Laptop,u'Articles needing additional references from November 2015'
Laptop,u'Articles using small message boxes'
Laptop,u'Articles with unsourced statements from February 2012'
Laptop,u'Articles with unsourced statements from July 2016'
Laptop,u'CS1 errors: dates'
Laptop,u'CS1 maint: Multiple names: authors list'
Laptop,u'Classes of computers'
Laptop,u'Commons category with local link same as on Wikidata'
Laptop,u'Laptops'
Laptop,u'Pages with login required references or sources'
Laptop,u'Personal computing'
Laptop,"u'Use dmy dates from September 2014'
"
Turing machine,u'1937 in computer science'
Turing machine,u'Alan Turing'
Turing machine,u'All articles needing additional references'
Turing machine,u'All articles with specifically marked weasel-worded phrases'
Turing machine,u'Articles needing additional references from April 2015'
Turing machine,u'Articles with DMOZ links'
Turing machine,u'Articles with specifically marked weasel-worded phrases from February 2016'
Turing machine,u'Automata (computation)'
Turing machine,u'Commons category with local link same as on Wikidata'
Turing machine,u'Computability theory'
Turing machine,u'Educational abstract machines'
Turing machine,u'English inventions'
Turing machine,u'Formal languages'
Turing machine,u'Formal methods'
Turing machine,u'Models of computation'
Turing machine,u'Theoretical computer science'
Turing machine,u'Turing machine'
Turing machine,"u'Wikipedia articles with GND identifiers'
"
MacBook,u'All articles with failed verification'
MacBook,u'All articles with unsourced statements'
MacBook,u'Articles with failed verification from April 2016'
MacBook,u'Articles with unsourced statements from April 2016'
MacBook,u'Commons category with local link same as on Wikidata'
MacBook,u'Computer-related introductions in 2006'
MacBook,u'Good articles'
MacBook,u'MacBook'
MacBook,u'Macintosh computers by product line'
MacBook,u'Macintosh laptops'
MacBook,u'Official website different in Wikidata and Wikipedia'
MacBook,u'Pages using deprecated image syntax'
MacBook,u'Products introduced in 2006'
MacBook,u'Use mdy dates from October 2013'
MacBook,"u'X86 Macintosh computers'
"
IPhone,u'All articles containing potentially dated statements'
IPhone,u'All articles needing style editing'
IPhone,u'All articles with failed verification'
IPhone,u'All articles with unsourced statements'
IPhone,u'All pages needing factual verification'
IPhone,u'Apple Inc. mobile phones'
IPhone,u'Articles containing potentially dated statements from October 2013'
IPhone,u'Articles containing potentially dated statements from September 2016'
IPhone,u'Articles with failed verification from September 2013'
IPhone,u'Articles with unsourced statements from December 2014'
IPhone,u'Articles with unsourced statements from February 2015'
IPhone,u'Articles with unsourced statements from September 2016'
IPhone,u'CS1 maint: Multiple names: authors list'
IPhone,u'Computer-related introductions in 2007'
IPhone,u'Digital audio players'
IPhone,u'IOS (Apple)'
IPhone,u'IPhone'
IPhone,u'ITunes'
IPhone,u'Mobile phones introduced in 2007'
IPhone,u'Multi-touch mobile phones'
IPhone,u'Official website different in Wikidata and Wikipedia'
IPhone,u'Pages using deprecated image syntax'
IPhone,u'Products introduced in 2007'
IPhone,u'Smartphones'
IPhone,u'Use mdy dates from March 2016'
IPhone,u'Vague or ambiguous time from April 2012'
IPhone,u'Wikipedia articles needing factual verification from April 2012'
IPhone,u'Wikipedia articles needing style editing from November 2015'
IPhone,u'Wikipedia articles with GND identifiers'
IPhone,"u'Wikipedia pages semi-protected against vandalism'
"
Television,u'1927 in technology'
Television,u'1927 introductions'
Television,u'All articles containing potentially dated statements'
Television,u'All articles lacking reliable references'
Television,u'All articles to be expanded'
Television,u'All articles with dead external links'
Television,u'All articles with unsourced statements'
Television,u'American inventions'
Television,u'Articles containing Irish-language text'
Television,u'Articles containing Japanese-language text'
Television,u'Articles containing potentially dated statements from 2011'
Television,u'Articles containing potentially dated statements from 2014'
Television,u'Articles lacking reliable references from September 2015'
Television,u'Articles to be expanded from December 2014'
Television,u'Articles using small message boxes'
Television,u'Articles with DMOZ links'
Television,u'Articles with Wayback Machine links'
Television,u'Articles with dead external links from June 2016'
Television,u'Articles with limited geographic scope from December 2014'
Television,u'Articles with unsourced statements from January 2011'
Television,u'Articles with unsourced statements from July 2009'
Television,u'Articles with unsourced statements from May 2010'
Television,u'Articles with unsourced statements from May 2015'
Television,u'British inventions'
Television,u'Broadcasting'
Television,u'CS1 errors: external links'
Television,u'CS1 maint: Multiple names: authors list'
Television,u'Communication'
Television,u'Consumer electronics'
Television,u'Digital technology'
Television,u'German inventions'
Television,u'Media formats'
Television,u'Performing arts'
Television,u'Russian inventions'
Television,u'Television'
Television,u'Television terminology'
Television,u'USA-centric'
Television,u'Use dmy dates from August 2013'
Television,u'Use dmy dates from December 2014'
Television,u'Use mdy dates from March 2012'
Television,u'Video hardware'
Television,u'Wikipedia articles with GND identifiers'
Television,u'Wikipedia indefinitely move-protected pages'
Television,"u'Wikipedia indefinitely semi-protected pages'
"
Friday,u'All articles with dead external links'
Friday,u'All articles with unsourced statements'
Friday,u'Articles containing Japanese-language text'
Friday,u'Articles containing Polish-language text'
Friday,u'Articles containing Russian-language text'
Friday,u'Articles containing non-English-language text'
Friday,u'Articles with dead external links from June 2010'
Friday,u'Articles with unsourced statements from May 2016'
Friday,u'Articles with unsourced statements from September 2015'
Friday,u'Commons category with page title same as on Wikidata'
Friday,u'Days of the week'
Friday,u'Eastern Christian liturgy'
Friday,u'Friday'
Friday,"u'Wikipedia articles with GND identifiers'
"
Toaster,u'1919 introductions'
Toaster,u'All articles with dead external links'
Toaster,u'All articles with unsourced statements'
Toaster,u'Articles with dead external links from June 2016'
Toaster,u'Articles with unsourced statements from March 2014'
Toaster,u'Commons category with local link same as on Wikidata'
Toaster,u'Cooking appliances'
Toaster,u'Ovens'
Toaster,u'Pages with citations having bare URLs'
Toaster,"u'Pages with citations lacking titles'
"
Global Positioning System,u'All articles containing potentially dated statements'
Global Positioning System,u'All articles needing additional references'
Global Positioning System,u'All articles to be merged'
Global Positioning System,u'All articles with dead external links'
Global Positioning System,u'All articles with unsourced statements'
Global Positioning System,u'Articles containing potentially dated statements from 2006'
Global Positioning System,u'Articles containing potentially dated statements from 2007'
Global Positioning System,u'Articles containing potentially dated statements from February 2016'
Global Positioning System,u'Articles needing additional references from March 2015'
Global Positioning System,u'Articles to be merged from April 2015'
Global Positioning System,u'Articles with DMOZ links'
Global Positioning System,u'Articles with Wayback Machine links'
Global Positioning System,u'Articles with dead external links from June 2016'
Global Positioning System,u'Articles with dead external links from September 2016'
Global Positioning System,u'Articles with permanently dead external links'
Global Positioning System,u'Articles with unsourced statements from April 2011'
Global Positioning System,u'Articles with unsourced statements from April 2012'
Global Positioning System,u'Articles with unsourced statements from August 2011'
Global Positioning System,u'Articles with unsourced statements from March 2013'
Global Positioning System,u'Articles with unsourced statements from May 2013'
Global Positioning System,u'Articles with unsourced statements from November 2007'
Global Positioning System,u'CS1 German-language sources (de)'
Global Positioning System,u'CS1 errors: dates'
Global Positioning System,u'CS1 maint: BOT: original-url status unknown'
Global Positioning System,u'CS1 maint: Multiple names: authors list'
Global Positioning System,u'Duplicate articles'
Global Positioning System,u'Global Positioning System'
Global Positioning System,u'Pages containing links to subscription-only content'
Global Positioning System,u'Pages with login required references or sources'
Global Positioning System,u'Use mdy dates from January 2013'
Global Positioning System,u'Wikipedia articles needing clarification from February 2013'
Global Positioning System,u'Wikipedia articles with GND identifiers'
Global Positioning System,"u'Wikipedia articles with LCCN identifiers'
"
Satellite,u'All Wikipedia articles in need of updating'
Satellite,u'All articles to be expanded'
Satellite,u'All articles with dead external links'
Satellite,u'All articles with unsourced statements'
Satellite,u'Articles containing video clips'
Satellite,u'Articles to be expanded from January 2015'
Satellite,u'Articles to be expanded from May 2012'
Satellite,u'Articles using small message boxes'
Satellite,u'Articles with Chinese-language external links'
Satellite,u'Articles with DMOZ links'
Satellite,u'Articles with French-language external links'
Satellite,u'Articles with German-language external links'
Satellite,u'Articles with Italian-language external links'
Satellite,u'Articles with Portuguese-language external links'
Satellite,u'Articles with Spanish-language external links'
Satellite,u'Articles with Wayback Machine links'
Satellite,u'Articles with dead external links from June 2016'
Satellite,u'Articles with specifically marked weasel-worded phrases from April 2013'
Satellite,u'Articles with unsourced statements from December 2012'
Satellite,u'Articles with unsourced statements from February 2015'
Satellite,u'Articles with unsourced statements from September 2011'
Satellite,u'Commons category with local link same as on Wikidata'
Satellite,u'Meteorological data and networks'
Satellite,u'Remote sensing'
Satellite,u'Satellites'
Satellite,u'Unmanned spacecraft'
Satellite,"u'Wikipedia articles in need of updating from December 2013'
"
Internet,u'1969 establishments in the United States'
Internet,u'All articles that may contain original research'
Internet,u'All articles to be expanded'
Internet,u'All articles with unsourced statements'
Internet,u'American inventions'
Internet,u'Articles that may contain original research from April 2014'
Internet,u'Articles to be expanded from July 2014'
Internet,u'Articles using small message boxes'
Internet,u'Articles with unsourced statements from April 2014'
Internet,u'Articles with unsourced statements from June 2015'
Internet,u'Articles with unsourced statements from May 2015'
Internet,u'Articles with unsourced statements from November 2015'
Internet,u'CS1 maint: Multiple names: authors list'
Internet,u'Computer-related introductions in 1969'
Internet,u'Computer-related introductions in 1989'
Internet,u'Cultural globalization'
Internet,u'Digital technology'
Internet,u'Internet'
Internet,u'Media technology'
Internet,u'New media'
Internet,u'Pages containing links to subscription-only content'
Internet,u'Pages using div col with small parameter'
Internet,u'Pages with login required references or sources'
Internet,u'Public services'
Internet,u'Telegraphy'
Internet,u'Transport systems'
Internet,u'Use British English from August 2010'
Internet,u'Use dmy dates from August 2012'
Internet,u'Virtual reality'
Internet,u'Wikipedia articles with GND identifiers'
Internet,u'Wikipedia articles with LCCN identifiers'
Internet,u'Wikipedia indefinitely move-protected pages'
Internet,"u'Wikipedia indefinitely semi-protected pages'
"
Camera,u'CS1 maint: Uses editors parameter'
Camera,u'Cameras'
Camera,u'Optical devices'
Camera,u'Photography equipment'
Camera,"u'Wikipedia indefinitely move-protected pages'
"
Air conditioning,u'1902 introductions'
Air conditioning,u'All articles lacking reliable references'
Air conditioning,u'All articles needing additional references'
Air conditioning,u'All articles with dead external links'
Air conditioning,u'All articles with unsourced statements'
Air conditioning,u'American inventions'
Air conditioning,u'Articles lacking reliable references from September 2010'
Air conditioning,u'Articles needing additional references from August 2012'
Air conditioning,u'Articles with Wayback Machine links'
Air conditioning,u'Articles with dead external links from October 2016'
Air conditioning,u'Articles with permanently dead external links'
Air conditioning,u'Articles with unsourced statements from August 2011'
Air conditioning,u'Articles with unsourced statements from December 2014'
Air conditioning,u'Articles with unsourced statements from July 2014'
Air conditioning,u'Articles with unsourced statements from June 2013'
Air conditioning,u'Articles with unsourced statements from June 2016'
Air conditioning,u'Automation'
Air conditioning,u'CS1 German-language sources (de)'
Air conditioning,u'CS1 Greek-language sources (el)'
Air conditioning,u'CS1 errors: dates'
Air conditioning,u'CS1 maint: Uses authors parameter'
Air conditioning,u'CS1 uses Greek-language script (el)'
Air conditioning,u'Commons category with local link same as on Wikidata'
Air conditioning,u'Cooling technology'
Air conditioning,u'Gas technologies'
Air conditioning,u'Home appliances'
Air conditioning,u'Vague or ambiguous time from September 2015'
Air conditioning,"u'Wikipedia articles needing clarification from May 2013'
"
Steam engine,u'All articles with failed verification'
Steam engine,u'All articles with unsourced statements'
Steam engine,u'Articles with failed verification from January 2015'
Steam engine,u'Articles with unsourced statements from January 2013'
Steam engine,u'British inventions'
Steam engine,u'Commons category with local link same as on Wikidata'
Steam engine,u'Energy conversion'
Steam engine,u'Gas technologies'
Steam engine,u'Piston engines'
Steam engine,u'Steam engines'
Steam engine,u'Steam power'
Steam engine,u'Use dmy dates from November 2011'
Steam engine,u'Wikipedia articles needing clarification from September 2016'
Steam engine,u'Wikipedia articles with BNF identifiers'
Steam engine,u'Wikipedia articles with GND identifiers'
Steam engine,"u'Wikipedia articles with LCCN identifiers'
"
Reddit,u'2005 establishments in Massachusetts'
Reddit,u'Aggregation websites'
Reddit,u'All articles containing potentially dated statements'
Reddit,u'American news websites'
Reddit,u'Articles containing potentially dated statements from April 2015'
Reddit,u'Articles containing potentially dated statements from December 2015'
Reddit,u'Articles containing potentially dated statements from February 2016'
Reddit,u'Articles containing potentially dated statements from July 2012'
Reddit,u'Articles containing potentially dated statements from May 2015'
Reddit,u'Articles containing potentially dated statements from May 2016'
Reddit,u'Articles containing potentially dated statements from November 2009'
Reddit,u'CS1 maint: Multiple names: authors list'
Reddit,u'Community websites'
Reddit,u'Companies based in San Francisco'
Reddit,u'Cond\xe9 Nast websites'
Reddit,u'Crowdsourcing'
Reddit,u'Economy of San Francisco'
Reddit,u'Free software programmed in Python'
Reddit,u'Internet properties established in 2005'
Reddit,u'Media sharing'
Reddit,u'Political websites'
Reddit,u'Reddit'
Reddit,u'Social bookmarking'
Reddit,u'Use mdy dates from August 2016'
Reddit,u'Virtual communities'
Reddit,u'Wikipedia indefinitely semi-protected pages'
Reddit,u'Wikis'
Reddit,"u'Y Combinator companies'
"
Bicycle,u'All articles containing potentially dated statements'
Bicycle,u'All articles lacking reliable references'
Bicycle,u'All articles with unsourced statements'
Bicycle,u'All pages needing factual verification'
Bicycle,u'Appropriate technology'
Bicycle,u'Articles containing potentially dated statements from 2009'
Bicycle,u'Articles containing video clips'
Bicycle,u'Articles lacking reliable references from January 2013'
Bicycle,u'Articles with hAudio microformats'
Bicycle,u'Articles with unsourced statements from December 2012'
Bicycle,u'Articles with unsourced statements from May 2013'
Bicycle,u'Articles with unsourced statements from September 2015'
Bicycle,u'Bicycles'
Bicycle,u'Cycle types'
Bicycle,u'Spoken articles'
Bicycle,u'Sustainable technologies'
Bicycle,u'Sustainable transport'
Bicycle,u'Vague or ambiguous geographic scope from August 2012'
Bicycle,u'Wikipedia articles needing factual verification from September 2015'
Bicycle,u'Wikipedia articles needing page number citations from September 2015'
Bicycle,u'Wikipedia articles with BNF identifiers'
Bicycle,u'Wikipedia articles with GND identifiers'
Bicycle,"u'Wikipedia articles with LCCN identifiers'
"
Google,u'1998 establishments in California'
Google,u'All Wikipedia articles written in American English'
Google,u'All articles containing potentially dated statements'
Google,u'All articles with dead external links'
Google,u'All articles with unsourced statements'
Google,u'Alphabet Inc.'
Google,u'American websites'
Google,u'Articles containing potentially dated statements from 2014'
Google,u'Articles containing potentially dated statements from February 2009'
Google,u'Articles with DMOZ links'
Google,u'Articles with Wayback Machine links'
Google,u'Articles with dead external links from January 2016'
Google,u'Articles with dead external links from June 2012'
Google,u'Articles with dead external links from March 2015'
Google,u'Articles with unsourced statements from March 2015'
Google,u'Articles with unsourced statements from March 2016'
Google,u'CS1 French-language sources (fr)'
Google,u'CS1 maint: Multiple names: authors list'
Google,u'CS1 maint: Unfit url'
Google,u'Cloud computing providers'
Google,u'Companies based in Mountain View
Google,California'
Google,u'Companies in the PRISM network'
Google,u'Computer-related introductions in 1998'
Google,u'Computer companies established in 1998'
Google,u'Google'
Google,u'Internet advertising'
Google,u'Internet companies of the United States'
Google,u'Internet marketing companies'
Google,u'Internet properties established in 1998'
Google,u'Mobile phone manufacturers'
Google,u'Multinational companies headquartered in the United States'
Google,u'OpenCorporates groupings'
Google,u'Technology companies based in the San Francisco Bay Area'
Google,u'Technology companies established in 1998'
Google,u'University spin-offs'
Google,u'Use American English from April 2015'
Google,u'Use mdy dates from May 2016'
Google,u'Web portals'
Google,u'Web service providers'
Google,u'Webby Award winners'
Google,u'Wikipedia articles with BIBSYS identifiers'
Google,u'Wikipedia articles with BNF identifiers'
Google,u'Wikipedia articles with GND identifiers'
Google,u'Wikipedia articles with ISNI identifiers'
Google,u'Wikipedia articles with LCCN identifiers'
Google,u'Wikipedia articles with NLA identifiers'
Google,u'Wikipedia articles with SELIBR identifiers'
Google,u'Wikipedia articles with VIAF identifiers'
Google,u'Wikipedia indefinitely move-protected pages'
Google,u'Wikipedia indefinitely semi-protected pages'
Google,"u'World Wide Web'
"
Airplane,u'1903 introductions'
Airplane,u'Aircraft configurations'
Airplane,u'All articles with dead external links'
Airplane,u'All articles with unsourced statements'
Airplane,u'American inventions'
Airplane,u'Articles with dead external links from May 2013'
Airplane,u'Articles with dead external links from October 2016'
Airplane,u'Articles with permanently dead external links'
Airplane,u'Articles with unsourced statements from March 2013'
Airplane,u'Articles with unsourced statements from May 2011'
Airplane,u'Commons category with local link different than on Wikidata'
Airplane,u'Wikipedia articles with GND identifiers'
Airplane,"u'Wikipedia pages semi-protected against vandalism'
"
Radio,u'All articles needing additional references'
Radio,u'All articles with specifically marked weasel-worded phrases'
Radio,u'All articles with unsourced statements'
Radio,u'Articles needing additional references from April 2016'
Radio,u'Articles with specifically marked weasel-worded phrases from October 2016'
Radio,u'Articles with unsourced statements from June 2008'
Radio,u'Articles with unsourced statements from October 2016'
Radio,u'British inventions'
Radio,u'Italian inventions'
Radio,u'Media formats'
Radio,"u'Radio'
"
Telegraphy,u'All articles with dead external links'
Telegraphy,u'All articles with unsourced statements'
Telegraphy,u'Articles with dead external links from July 2015'
Telegraphy,u'Articles with unsourced statements from December 2007'
Telegraphy,u'Articles with unsourced statements from July 2012'
Telegraphy,u'Articles with unsourced statements from May 2013'
Telegraphy,u'Articles with unsourced statements from October 2008'
Telegraphy,u'Articles with unsourced statements from September 2008'
Telegraphy,u'Articles with unsourced statements from September 2011'
Telegraphy,u'CS1 French-language sources (fr)'
Telegraphy,u'CS1 German-language sources (de)'
Telegraphy,u'CS1 Hungarian-language sources (hu)'
Telegraphy,u'CS1 Japanese-language sources (ja)'
Telegraphy,u'CS1 uses Japanese-language script (ja)'
Telegraphy,u'Commons category with local link same as on Wikidata'
Telegraphy,u'Communications technology'
Telegraphy,u'Telegraphy'
Telegraphy,u'Vague or ambiguous time from July 2012'
Telegraphy,u'Wikipedia articles incorporating a citation from the 1911 Encyclopaedia Britannica with Wikisource reference'
Telegraphy,u'Wikipedia articles with GND identifiers'
Telegraphy,"u'Wikipedia indefinitely move-protected pages'
"
Blender,u'1922 introductions'
Blender,u'All articles with unsourced statements'
Blender,u'Articles with unsourced statements from December 2014'
Blender,u'Bartending equipment'
Blender,u'Food preparation appliances'
Blender,u'Interlanguage link template link number'
Blender,"u'Laboratory equipment'
"
Light-emitting diode,u'All Wikipedia articles written in American English'
Light-emitting diode,u'All articles containing potentially dated statements'
Light-emitting diode,u'All articles needing additional references'
Light-emitting diode,u'All articles with dead external links'
Light-emitting diode,u'All articles with unsourced statements'
Light-emitting diode,u'Articles containing potentially dated statements from 2012'
Light-emitting diode,u'Articles containing potentially dated statements from 2016'
Light-emitting diode,u'Articles containing potentially dated statements from March 2014'
Light-emitting diode,u'Articles needing additional references from August 2015'
Light-emitting diode,u'Articles prone to spam from July 2013'
Light-emitting diode,u'Articles with DMOZ links'
Light-emitting diode,u'Articles with Wayback Machine links'
Light-emitting diode,u'Articles with dead external links from May 2016'
Light-emitting diode,u'Articles with unsourced statements from April 2016'
Light-emitting diode,u'Articles with unsourced statements from December 2011'
Light-emitting diode,u'Articles with unsourced statements from December 2015'
Light-emitting diode,u'Articles with unsourced statements from March 2016'
Light-emitting diode,u'Articles with unsourced statements from November 2015'
Light-emitting diode,u'Articles with unsourced statements from September 2016'
Light-emitting diode,u'CS1 German-language sources (de)'
Light-emitting diode,u'CS1 maint: BOT: original-url status unknown'
Light-emitting diode,u'Commons category with local link same as on Wikidata'
Light-emitting diode,u'LED lamps'
Light-emitting diode,u'Light-emitting diodes'
Light-emitting diode,u'Optical diodes'
Light-emitting diode,u'Signage'
Light-emitting diode,u'Use American English from October 2015'
Light-emitting diode,u'Use mdy dates from March 2013'
Light-emitting diode,"u'Wikipedia articles with GND identifiers'
"
Transistor,u'1947 in computer science'
Transistor,u'1947 in technology'
Transistor,u'All articles needing additional references'
Transistor,u'All articles with unsourced statements'
Transistor,u'American inventions'
Transistor,u'Articles needing additional references from November 2010'
Transistor,u'Articles with unsourced statements from August 2016'
Transistor,u'Bell Labs'
Transistor,u'CS1 maint: Multiple names: authors list'
Transistor,u'Commons category with local link same as on Wikidata'
Transistor,u'Computer-related introductions in 1947'
Transistor,u'Electrical components'
Transistor,u'Semiconductor devices'
Transistor,u'Transistors'
Transistor,u'Use mdy dates from May 2016'
Transistor,u'Wikipedia articles with BNF identifiers'
Transistor,u'Wikipedia articles with GND identifiers'
Transistor,"u'Wikipedia articles with LCCN identifiers'
"
Solar panel,u'All accuracy disputes'
Solar panel,u'All articles that may contain original research'
Solar panel,u'All articles with unsourced statements'
Solar panel,u'Articles that may contain original research from August 2013'
Solar panel,u'Articles with disputed statements from January 2013'
Solar panel,u'Articles with unsourced statements from February 2014'
Solar panel,u'CS1 errors: dates'
Solar panel,u'Commons category with local link different than on Wikidata'
Solar panel,u'Photovoltaics'
Solar panel,u'Solar-powered devices'
Solar panel,"u'Use dmy dates from July 2013'
"
Wind turbine,u'Aerodynamics'
Wind turbine,u'All Wikipedia articles in need of updating'
Wind turbine,u'All accuracy disputes'
Wind turbine,u'All articles lacking reliable references'
Wind turbine,u'All articles with dead external links'
Wind turbine,u'All articles with unsourced statements'
Wind turbine,u'Articles lacking reliable references from October 2013'
Wind turbine,u'Articles with Wayback Machine links'
Wind turbine,u'Articles with dead external links from September 2016'
Wind turbine,u'Articles with disputed statements from October 2013'
Wind turbine,u'Articles with inconsistent citation formats'
Wind turbine,u'Articles with unsourced statements from July 2016'
Wind turbine,u'Electric power'
Wind turbine,u'Electrical generators'
Wind turbine,u'Electromechanical engineering'
Wind turbine,u'Energy conversion'
Wind turbine,u'Wikipedia articles in need of updating from April 2016'
Wind turbine,u'Wikipedia articles incorporating a citation from the ODNB'
Wind turbine,u'Wikipedia articles with GND identifiers'
Wind turbine,"u'Wind turbines'
"
Renewable energy,u'All articles containing potentially dated statements'
Renewable energy,u'All articles with unsourced statements'
Renewable energy,u'Articles containing potentially dated statements from 2012'
Renewable energy,u'Articles with Wayback Machine links'
Renewable energy,u'Articles with unsourced statements from October 2015'
Renewable energy,u'CS1 German-language sources (de)'
Renewable energy,u'CS1 Italian-language sources (it)'
Renewable energy,u'CS1 errors: dates'
Renewable energy,u'CS1 maint: Explicit use of et al.'
Renewable energy,u'CS1 maint: Uses authors parameter'
Renewable energy,u'Commons category with local link same as on Wikidata'
Renewable energy,u'Low-carbon economy'
Renewable energy,u'Renewable energy'
Renewable energy,u'Renewable energy technology'
Renewable energy,u'Technological change'
Renewable energy,u'Use dmy dates from February 2015'
Renewable energy,u'Wikipedia articles with GND identifiers'
Renewable energy,"u'Wikipedia indefinitely semi-protected pages'
"
Dam,u'All articles containing potentially dated statements'
Dam,u'All articles needing additional references'
Dam,u'All articles with dead external links'
Dam,u'All articles with unsourced statements'
Dam,u'Articles containing potentially dated statements from 2005'
Dam,u'Articles needing additional references from May 2014'
Dam,u'Articles with Wayback Machine links'
Dam,u'Articles with dead external links from July 2016'
Dam,u'Articles with dead external links from November 2015'
Dam,u'Articles with permanently dead external links'
Dam,u'Articles with unsourced statements from November 2012'
Dam,u'Articles with unsourced statements from November 2014'
Dam,u'Barrages (dam)'
Dam,u'CS1 errors: missing author or editor'
Dam,u'Dams'
Dam,u'Hydraulic structures'
Dam,u'Pages using web citations with no URL'
Dam,u'Use dmy dates from January 2011'
Dam,u'Wikipedia articles with GND identifiers'
Dam,"u'Wikipedia pending changes protected pages (level 1)'
"
Submarine,u'1620 introductions'
Submarine,u'All articles containing potentially dated statements'
Submarine,u'All articles to be expanded'
Submarine,u'All articles with dead external links'
Submarine,u'All articles with unsourced statements'
Submarine,u'Articles containing potentially dated statements from 2011'
Submarine,u'Articles to be expanded from June 2016'
Submarine,u'Articles using small message boxes'
Submarine,u'Articles with Wayback Machine links'
Submarine,u'Articles with dead external links from June 2016'
Submarine,u'Articles with hAudio microformats'
Submarine,u'Articles with unsourced statements from August 2011'
Submarine,u'Articles with unsourced statements from February 2015'
Submarine,u'CS1 Norwegian-language sources (no)'
Submarine,u'CS1 Swedish-language sources (sv)'
Submarine,u'CS1 maint: Multiple names: authors list'
Submarine,u'Commons category with local link different than on Wikidata'
Submarine,u'Electric vehicles'
Submarine,u'Pages with login required references or sources'
Submarine,u'Pressure vessels'
Submarine,u'Ship types'
Submarine,u'Spoken articles'
Submarine,u'Submarines'
Submarine,u'Wikipedia articles with BNF identifiers'
Submarine,"u'Wikipedia articles with GND identifiers'
"
Screw,u'All accuracy disputes'
Screw,u'All articles with failed verification'
Screw,u'All articles with peacock terms'
Screw,u'All articles with unsourced statements'
Screw,u'Articles containing video clips'
Screw,u'Articles contradicting other articles'
Screw,u'Articles with disputed statements from December 2010'
Screw,u'Articles with failed verification from September 2013'
Screw,u'Articles with peacock terms from June 2016'
Screw,u'Articles with unsourced statements from June 2009'
Screw,u'Commons category with local link same as on Wikidata'
Screw,u'Metalworking'
Screw,u'Screws'
Screw,u'Wikipedia articles with GND identifiers'
Screw,"u'Woodworking'
"
Pen,u'All articles with unsourced statements'
Pen,u'Articles with limited geographic scope from November 2009'
Pen,u'Articles with unsourced statements from May 2010'
Pen,u'Commons category with local link different than on Wikidata'
Pen,u'Domestic implements'
Pen,u'Pens'
Pen,u'Stationery'
Pen,"u'Writing implements'
"
Clock,u'All articles needing expert attention'
Clock,u'All articles with unsourced statements'
Clock,u'Articles containing video clips'
Clock,u'Articles needing expert attention from August 2016'
Clock,u'Articles with unsourced statements from May 2010'
Clock,u'Articles with unsourced statements from November 2014'
Clock,u'Articles with unsourced statements from October 2007'
Clock,u'Clocks'
Clock,u'Commons category with local link same as on Wikidata'
Clock,u'Miscellaneous articles needing expert attention'
Clock,u'Use mdy dates from November 2013'
Clock,u'Wikipedia articles needing clarification from November 2014'
Clock,u'Wikipedia articles needing page number citations from July 2011'
Clock,u'Wikipedia articles with BNF identifiers'
Clock,u'Wikipedia articles with GND identifiers'
Clock,"u'Wikipedia articles with LCCN identifiers'
"
Watch,u'All articles needing additional references'
Watch,u'All articles with dead external links'
Watch,u'Articles needing additional references from June 2014'
Watch,u'Articles with dead external links from May 2016'
Watch,u'Commons category with local link same as on Wikidata'
Watch,u'Use dmy dates from March 2015'
Watch,u'Watches'
Watch,"u'Wikipedia articles with GND identifiers'
"
USB,u'1996 introductions'
USB,u'All articles containing potentially dated statements'
USB,u'All articles lacking reliable references'
USB,u'All articles needing additional references'
USB,u'All articles with unsourced statements'
USB,u'American inventions'
USB,u'Articles containing potentially dated statements from 2008'
USB,u'Articles containing potentially dated statements from December 2010'
USB,u'Articles containing potentially dated statements from June 2007'
USB,u'Articles lacking reliable references from September 2015'
USB,u'Articles needing additional references from October 2011'
USB,u'Articles with inconsistent citation formats'
USB,u'Articles with unsourced statements from December 2012'
USB,u'Articles with unsourced statements from January 2015'
USB,u'Articles with unsourced statements from March 2013'
USB,u'Articles with unsourced statements from March 2015'
USB,u'Articles with unsourced statements from November 2011'
USB,u'Articles with unsourced statements from October 2011'
USB,u'Articles with unsourced statements from October 2015'
USB,u'CS1 Chinese-language sources (zh)'
USB,u'CS1 maint: Uses authors parameter'
USB,u'Commons category with local link same as on Wikidata'
USB,u'Computer connectors'
USB,u'Pages with citations having bare URLs'
USB,u'Pages with citations lacking titles'
USB,u'Serial buses'
USB,u'USB'
USB,u'Use dmy dates from January 2015'
USB,u'Vague or ambiguous time from February 2016'
USB,"u'Wikipedia articles needing clarification from August 2016'
"
Headphones,u'All articles with specifically marked weasel-worded phrases'
Headphones,u'All articles with unsourced statements'
Headphones,u'Articles with specifically marked weasel-worded phrases from July 2015'
Headphones,u'Articles with unsourced statements from May 2015'
Headphones,u'Audio engineering'
Headphones,u'Consumer electronics'
Headphones,u'Headgear'
Headphones,u'Headphones'
Headphones,u'Loudspeakers'
Headphones,u'Pages using citations with accessdate and no URL'
Headphones,u'Pages using web citations with no URL'
Headphones,u'Transducers'
Headphones,u'Wikipedia articles needing clarification from January 2014'
Headphones,"u'Wikipedia articles needing clarification from July 2015'
"
Random-access memory,u'All articles with unsourced statements'
Random-access memory,u'American inventions'
Random-access memory,u'Articles with unsourced statements from June 2015'
Random-access memory,u'Computer architecture'
Random-access memory,u'Computer memory'
Random-access memory,u'Types of RAM'
Random-access memory,u'Wikipedia articles with GND identifiers'
Random-access memory,"u'Wikipedia pending changes protected pages (level 1)'
"
Projector,u'American inventions'
Projector,u'CS1 Dutch-language sources (nl)'
Projector,u'Display technology'
Projector,u'Optical devices'
Projector,"u'Projectors'
"
Printer (computing),u'All articles needing additional references'
Printer (computing),u'All articles that may contain original research'
Printer (computing),u'All articles with unsourced statements'
Printer (computing),u'Articles containing video clips'
Printer (computing),u'Articles needing additional references from May 2012'
Printer (computing),u'Articles that may contain original research from February 2015'
Printer (computing),u'Articles with unsourced statements from August 2012'
Printer (computing),u'Commons category with local link same as on Wikidata'
Printer (computing),u'Computer printers'
Printer (computing),u'Network appliances'
Printer (computing),u'Office equipment'
Printer (computing),u'Pages containing links to subscription-only content'
Printer (computing),"u'Typography'
"
Microscope,u'17th-century introductions'
Microscope,u'All Wikipedia articles written in Canadian English'
Microscope,u'Articles containing Ancient Greek-language text'
Microscope,u'Commons category with local link same as on Wikidata'
Microscope,u'Dutch inventions'
Microscope,u'Microbiology equipment'
Microscope,u'Microscopes'
Microscope,u'Microscopy'
Microscope,u'Scientific instruments'
Microscope,u'Use Canadian English from September 2016'
Microscope,u'Wikipedia articles needing page number citations from November 2013'
Microscope,"u'Wikipedia articles with GND identifiers'
"
Magnet,u'All articles containing potentially dated statements'
Magnet,u'All articles with unsourced statements'
Magnet,u'Articles containing Ancient Greek-language text'
Magnet,u'Articles containing potentially dated statements from 2008'
Magnet,u'Articles with unsourced statements from April 2015'
Magnet,u'Articles with unsourced statements from December 2011'
Magnet,u'Articles with unsourced statements from March 2016'
Magnet,u'Articles with unsourced statements from May 2012'
Magnet,u'CS1 errors: dates'
Magnet,u'Commons category with local link same as on Wikidata'
Magnet,u'Magnetism'
Magnet,u'Types of magnets'
Magnet,"u'Wikipedia articles with GND identifiers'
"
Magnetic resonance imaging,u'1973 introductions'
Magnetic resonance imaging,u'All articles with unsourced statements'
Magnetic resonance imaging,u'American inventions'
Magnetic resonance imaging,u'Articles containing video clips'
Magnetic resonance imaging,u'Articles needing more detailed references'
Magnetic resonance imaging,u'Articles with Wayback Machine links'
Magnetic resonance imaging,u'Articles with unsourced statements from December 2010'
Magnetic resonance imaging,u'Articles with unsourced statements from February 2016'
Magnetic resonance imaging,u'Articles with unsourced statements from July 2013'
Magnetic resonance imaging,u'Articles with unsourced statements from March 2016'
Magnetic resonance imaging,u'Articles with unsourced statements from November 2008'
Magnetic resonance imaging,u'Articles with unsourced statements from November 2011'
Magnetic resonance imaging,u'Commons category with page title same as on Wikidata'
Magnetic resonance imaging,u'Cryogenics'
Magnetic resonance imaging,u'Discovery and invention controversies'
Magnetic resonance imaging,u'Magnetic resonance imaging'
Magnetic resonance imaging,u'Pages using deprecated image syntax'
Magnetic resonance imaging,u'Vague or ambiguous time from January 2016'
Magnetic resonance imaging,u'Wikipedia articles needing page number citations from July 2013'
Magnetic resonance imaging,"u'Wikipedia articles with GND identifiers'
"
Oven,u'All articles needing additional references'
Oven,u'Articles needing additional references from June 2008'
Oven,u'Commons category with local link same as on Wikidata'
Oven,u'Cooking appliances'
Oven,u'Fireplaces'
Oven,"u'Ovens'
"
Frying pan,u'All articles with unsourced statements'
Frying pan,u'Articles with unsourced statements from April 2016'
Frying pan,u'Articles with unsourced statements from May 2012'
Frying pan,u'Cookware and bakeware'
Frying pan,"u'Wikipedia indefinitely move-protected pages'
"
Dishwasher,u'1850 introductions'
Dishwasher,u'All articles needing additional references'
Dishwasher,u'All articles that may contain original research'
Dishwasher,u'All articles with unsourced statements'
Dishwasher,u'American inventions'
Dishwasher,u'Articles containing video clips'
Dishwasher,u'Articles needing additional references from October 2016'
Dishwasher,u'Articles that may contain original research from October 2016'
Dishwasher,u'Articles with unsourced statements from July 2011'
Dishwasher,u'Articles with unsourced statements from March 2016'
Dishwasher,u'Cleaning'
Dishwasher,u'Commons category with local link same as on Wikidata'
Dishwasher,u'Home appliances'
Dishwasher,"u'Home automation'
"
Stove,u'All articles needing additional references'
Stove,u'Articles needing additional references from September 2007'
Stove,u'Heating
Stove,ventilating
Stove,and air conditioning'
Stove,u'Stoves'
Stove,u'Wikipedia articles needing clarification from April 2012'
Stove,"u'Wikipedia articles with GND identifiers'
"
Microwave,u'Commons category with local link same as on Wikidata'
Microwave,u'Electromagnetic spectrum'
Microwave,u'Microwave technology'
Microwave,u'Radio technology'
Microwave,u'Vague or ambiguous time from August 2011'
Microwave,u'Wikipedia articles with GND identifiers'
Microwave,"u'Wireless'
"
Bus,u'All accuracy disputes'
Bus,u'All articles needing additional references'
Bus,u'All articles with unsourced statements'
Bus,u'Articles needing additional references from August 2016'
Bus,u'Articles with disputed statements from March 2013'
Bus,u'Articles with unsourced statements from August 2010'
Bus,u'Articles with unsourced statements from March 2009'
Bus,u'Bus transport'
Bus,u'Buses'
Bus,u'CS1 French-language sources (fr)'
Bus,u'French inventions'
Bus,u'Use dmy dates from October 2012'
Bus,u'Wikipedia articles incorporating a citation from the 1911 Encyclopaedia Britannica with no article parameter'
Bus,"u'Wikipedia articles incorporating text from the 1911 Encyclop\xe6dia Britannica'
"
Train,u'All articles with specifically marked weasel-worded phrases'
Train,u'Articles with specifically marked weasel-worded phrases from March 2011'
Train,u'Commons category with local link same as on Wikidata'
Train,u'Trains'
Train,u'Use dmy dates from September 2015'
Train,u'Wikipedia pages semi-protected against vandalism'
Train,"u'Wikipedia pending changes protected pages (level 1)'
"
Maglev,u'All NPOV disputes'
Maglev,u'All Wikipedia articles in need of updating'
Maglev,u'All articles needing additional references'
Maglev,u'All articles with dead external links'
Maglev,u'All articles with minor POV problems'
Maglev,u'All articles with specifically marked weasel-worded phrases'
Maglev,u'All articles with unsourced statements'
Maglev,u'All pages needing factual verification'
Maglev,u'Articles needing additional references from August 2013'
Maglev,u'Articles needing additional references from June 2016'
Maglev,u'Articles with DMOZ links'
Maglev,u'Articles with Wayback Machine links'
Maglev,u'Articles with dead external links from October 2011'
Maglev,u'Articles with minor POV problems from October 2012'
Maglev,u'Articles with specifically marked weasel-worded phrases from December 2014'
Maglev,u'Articles with unsourced statements from August 2013'
Maglev,u'Articles with unsourced statements from February 2011'
Maglev,u'Articles with unsourced statements from February 2013'
Maglev,u'Articles with unsourced statements from June 2014'
Maglev,u'Articles with unsourced statements from October 2012'
Maglev,u'CS1 French-language sources (fr)'
Maglev,u'CS1 German-language sources (de)'
Maglev,u'CS1 Japanese-language sources (ja)'
Maglev,u'CS1 maint: Multiple names: authors list'
Maglev,u'CS1 maint: Unfit url'
Maglev,u'CS1 uses Japanese-language script (ja)'
Maglev,u'Commons category with local link same as on Wikidata'
Maglev,u'Electrodynamics'
Maglev,u'Emerging technologies'
Maglev,u'Experimental and prototype high-speed trains'
Maglev,u'Magnetic levitation'
Maglev,u'Magnetic propulsion devices'
Maglev,u'Monorails'
Maglev,u'NPOV disputes from May 2013'
Maglev,u'Rail transport articles in need of updating'
Maglev,u'Use dmy dates from December 2014'
Maglev,u'Wikipedia articles in need of updating from June 2016'
Maglev,u'Wikipedia articles in need of updating from May 2013'
Maglev,u'Wikipedia articles needing factual verification from May 2013'
Maglev,"u'Wikipedia articles with GND identifiers'
"
Shinkansen,u'All Wikipedia articles in need of updating'
Shinkansen,u'All articles containing potentially dated statements'
Shinkansen,u'All articles with failed verification'
Shinkansen,u'Articles containing Japanese-language text'
Shinkansen,u'Articles containing potentially dated statements from 2011'
Shinkansen,u'Articles containing potentially dated statements from 2016'
Shinkansen,u'Articles that mention track gauge 1067 mm'
Shinkansen,u'Articles that mention track gauge 1435 mm'
Shinkansen,u'Articles with failed verification from May 2011'
Shinkansen,u'CS1 Japanese-language sources (ja)'
Shinkansen,u'CS1 uses Japanese-language script (ja)'
Shinkansen,u'Commons category with local link same as on Wikidata'
Shinkansen,u'High-speed rail in Japan'
Shinkansen,u'High-speed trains'
Shinkansen,u'Pages with citations having bare URLs'
Shinkansen,u'Pages with citations lacking titles'
Shinkansen,u'Rail transport brands'
Shinkansen,u'Railway services introduced in 1964'
Shinkansen,u'Shinkansen'
Shinkansen,u'Use dmy dates from April 2011'
Shinkansen,"u'Wikipedia articles in need of updating from January 2016'
"
Icebreaker,u'All articles containing potentially dated statements'
Icebreaker,u'Articles containing potentially dated statements from 2013'
Icebreaker,u'Articles with Russian-language external links'
Icebreaker,u'Articles with specifically marked weasel-worded phrases from March 2015'
Icebreaker,u'CS1 Finnish-language sources (fi)'
Icebreaker,u'Commons category with local link same as on Wikidata'
Icebreaker,u'Icebreakers'
Icebreaker,u'Ship types'
Icebreaker,"u'Wikipedia articles with GND identifiers'
"
Nuclear power plant,u'All articles containing potentially dated statements'
Nuclear power plant,u'All articles with unsourced statements'
Nuclear power plant,u'American inventions'
Nuclear power plant,u'Articles containing potentially dated statements from April 2014'
Nuclear power plant,u'Articles containing potentially dated statements from March 2007'
Nuclear power plant,u'Articles with unsourced statements from August 2014'
Nuclear power plant,u'Articles with unsourced statements from June 2011'
Nuclear power plant,u'Articles with unsourced statements from June 2013'
Nuclear power plant,u'Articles with unsourced statements from March 2011'
Nuclear power plant,u'Articles with unsourced statements from October 2015'
Nuclear power plant,u'Articles with unsourced statements from September 2016'
Nuclear power plant,u'Nuclear power stations'
Nuclear power plant,u'Pages containing links to subscription-only content'
Nuclear power plant,u'Russian inventions'
Nuclear power plant,u'Soviet inventions'
Nuclear power plant,"u'Wikipedia articles with GND identifiers'
"
Hydroelectricity,u'All articles with dead external links'
Hydroelectricity,u'Articles with DMOZ links'
Hydroelectricity,u'Articles with Wayback Machine links'
Hydroelectricity,u'Articles with dead external links from July 2010'
Hydroelectricity,u'Commons category with local link same as on Wikidata'
Hydroelectricity,u'Hydroelectricity'
Hydroelectricity,u'Landscape'
Hydroelectricity,u'Sustainable technologies'
Hydroelectricity,"u'Wikipedia indefinitely semi-protected pages'
"
Biofuel,u'All articles needing additional references'
Biofuel,u'All articles with dead external links'
Biofuel,u'All articles with unsourced statements'
Biofuel,u'Anaerobic digestion'
Biofuel,u'Articles needing additional references from June 2016'
Biofuel,u'Articles with Wayback Machine links'
Biofuel,u'Articles with dead external links from November 2015'
Biofuel,u'Articles with dead external links from November 2016'
Biofuel,u'Articles with inconsistent citation formats'
Biofuel,u'Articles with permanently dead external links'
Biofuel,u'Articles with unsourced statements from February 2016'
Biofuel,u'Articles with unsourced statements from November 2007'
Biofuel,u'Biodegradable waste management'
Biofuel,u'Bioenergy'
Biofuel,u'Biofuels'
Biofuel,u'Biomass'
Biofuel,u'Emerging technologies'
Biofuel,u'Fuels'
Biofuel,u'Pages using web citations with no URL'
Biofuel,u'Pages with URL errors'
Biofuel,u'Pages with citations having bare URLs'
Biofuel,u'Pages with citations lacking titles'
Biofuel,u'Renewable energy'
Biofuel,u'Renewable fuels'
Biofuel,u'Sustainable technologies'
Biofuel,u'Use dmy dates from October 2012'
Biofuel,"u'Wikipedia articles needing clarification from February 2016'
"
Bicycle,u'All articles containing potentially dated statements'
Bicycle,u'All articles lacking reliable references'
Bicycle,u'All articles with unsourced statements'
Bicycle,u'All pages needing factual verification'
Bicycle,u'Appropriate technology'
Bicycle,u'Articles containing potentially dated statements from 2009'
Bicycle,u'Articles containing video clips'
Bicycle,u'Articles lacking reliable references from January 2013'
Bicycle,u'Articles with hAudio microformats'
Bicycle,u'Articles with unsourced statements from December 2012'
Bicycle,u'Articles with unsourced statements from May 2013'
Bicycle,u'Articles with unsourced statements from September 2015'
Bicycle,u'Bicycles'
Bicycle,u'Cycle types'
Bicycle,u'Spoken articles'
Bicycle,u'Sustainable technologies'
Bicycle,u'Sustainable transport'
Bicycle,u'Vague or ambiguous geographic scope from August 2012'
Bicycle,u'Wikipedia articles needing factual verification from September 2015'
Bicycle,u'Wikipedia articles needing page number citations from September 2015'
Bicycle,u'Wikipedia articles with BNF identifiers'
Bicycle,u'Wikipedia articles with GND identifiers'
Bicycle,"u'Wikipedia articles with LCCN identifiers'
"
Motorcycle,u'All articles lacking reliable references'
Motorcycle,u'All articles with unsourced statements'
Motorcycle,u'Articles containing German-language text'
Motorcycle,u'Articles lacking reliable references from October 2014'
Motorcycle,u'Articles lacking reliable references from September 2014'
Motorcycle,u'Articles prone to spam from May 2014'
Motorcycle,u'Articles with DMOZ links'
Motorcycle,u'Articles with inconsistent citation formats'
Motorcycle,u'Articles with unsourced statements from April 2008'
Motorcycle,u'Articles with unsourced statements from August 2013'
Motorcycle,u'Motorcycle technology'
Motorcycle,u'Motorcycles'
Motorcycle,u'Motorcycling'
Motorcycle,u'Use dmy dates from August 2012'
Motorcycle,u'Wheeled vehicles'
Motorcycle,u'Wikipedia articles with BNF identifiers'
Motorcycle,u'Wikipedia articles with GND identifiers'
Motorcycle,"u'Wikipedia articles with LCCN identifiers'
"
Electric car,u'1884 introductions'
Electric car,u'All articles containing potentially dated statements'
Electric car,u'All articles with dead external links'
Electric car,u'All articles with unsourced statements'
Electric car,u'Articles containing potentially dated statements from 2013'
Electric car,u'Articles containing potentially dated statements from December 2013'
Electric car,u'Articles containing potentially dated statements from December 2015'
Electric car,u'Articles containing potentially dated statements from January 2014'
Electric car,u'Articles containing potentially dated statements from July 2006'
Electric car,u'Articles containing potentially dated statements from July 2016'
Electric car,u'Articles containing potentially dated statements from June 2012'
Electric car,u'Articles containing potentially dated statements from June 2016'
Electric car,u'Articles containing potentially dated statements from March 2016'
Electric car,u'Articles containing potentially dated statements from November 2013'
Electric car,u'Articles containing potentially dated statements from October 2015'
Electric car,u'Articles containing potentially dated statements from September 2016'
Electric car,u'Articles containing video clips'
Electric car,u'Articles with dead external links from January 2012'
Electric car,u'Articles with dead external links from July 2013'
Electric car,u'Articles with specifically marked weasel-worded phrases from October 2016'
Electric car,u'Articles with unsourced statements from February 2015'
Electric car,u'Articles with unsourced statements from June 2012'
Electric car,u'Articles with unsourced statements from March 2013'
Electric car,u'Articles with unsourced statements from May 2016'
Electric car,u'Articles with unsourced statements from November 2013'
Electric car,u'Articles with unsourced statements from October 2014'
Electric car,u'Articles with unsourced statements from September 2010'
Electric car,u'Automotive technologies'
Electric car,u'Battery electric vehicles'
Electric car,u'CS1 Chinese-language sources (zh)'
Electric car,u'CS1 French-language sources (fr)'
Electric car,u'CS1 German-language sources (de)'
Electric car,u'CS1 Japanese-language sources (ja)'
Electric car,u'CS1 Norwegian-language sources (no)'
Electric car,u'CS1 Swedish-language sources (sv)'
Electric car,u'CS1 maint: Multiple names: authors list'
Electric car,u'Commons category with local link same as on Wikidata'
Electric car,u'Electric cars'
Electric car,u'Sustainable technologies'
Electric car,"u'Wikipedia articles needing clarification from September 2013'
"
Tesla Motors,u'2003 establishments in California'
Tesla Motors,u'Accuracy disputes from May 2015'
Tesla Motors,u'All Wikipedia articles in need of updating'
Tesla Motors,u'All Wikipedia articles written in American English'
Tesla Motors,u'All articles containing potentially dated statements'
Tesla Motors,u'All articles lacking reliable references'
Tesla Motors,u'All articles with dead external links'
Tesla Motors,u'All articles with unsourced statements'
Tesla Motors,u'American brands'
Tesla Motors,u'Articles containing potentially dated statements from 2014'
Tesla Motors,u'Articles containing potentially dated statements from April 2016'
Tesla Motors,u'Articles containing potentially dated statements from August 2013'
Tesla Motors,u'Articles containing potentially dated statements from August 2015'
Tesla Motors,u'Articles containing potentially dated statements from February 2014'
Tesla Motors,u'Articles containing potentially dated statements from June 2016'
Tesla Motors,u'Articles containing potentially dated statements from March 2016'
Tesla Motors,u'Articles containing potentially dated statements from May 2016'
Tesla Motors,u'Articles containing potentially dated statements from October 2016'
Tesla Motors,u'Articles containing potentially dated statements from September 2016'
Tesla Motors,u'Articles lacking reliable references from May 2016'
Tesla Motors,u'Articles with dead external links from June 2016'
Tesla Motors,u'Articles with unsourced statements from June 2016'
Tesla Motors,u'Articles with unsourced statements from November 2016'
Tesla Motors,u'Battery electric vehicle manufacturers'
Tesla Motors,u'CS1 Danish-language sources (da)'
Tesla Motors,u'CS1 Dutch-language sources (nl)'
Tesla Motors,u'CS1 French-language sources (fr)'
Tesla Motors,u'CS1 German-language sources (de)'
Tesla Motors,u'CS1 Norwegian-language sources (no)'
Tesla Motors,u'CS1 Swedish-language sources (sv)'
Tesla Motors,u'Car manufacturers of the United States'
Tesla Motors,u'Commons category with local link same as on Wikidata'
Tesla Motors,u'Companies based in Palo Alto
Tesla Motors,California'
Tesla Motors,u'Companies in the NASDAQ-100 Index'
Tesla Motors,u'Companies listed on NASDAQ'
Tesla Motors,u'Electric vehicle manufacturers'
Tesla Motors,u'Luxury motor vehicle manufacturers'
Tesla Motors,u'Manufacturing companies based in California'
Tesla Motors,u'Motor vehicle manufacturers based in California'
Tesla Motors,u'Motor vehicle manufacturers of the United States'
Tesla Motors,u'Official website different in Wikidata and Wikipedia'
Tesla Motors,u'Pages containing links to subscription-only content'
Tesla Motors,u'Sports car manufacturers'
Tesla Motors,u'Tesla Motors'
Tesla Motors,u'Use American English from November 2015'
Tesla Motors,u'Use mdy dates from December 2015'
Tesla Motors,u'Vague or ambiguous time from June 2016'
Tesla Motors,u'Vehicle manufacturing companies established in 2003'
Tesla Motors,u'Wikipedia articles in need of updating from November 2014'
Tesla Motors,u'Wikipedia articles in need of updating from October 2013'
Tesla Motors,"u'Wikipedia articles needing clarification from July 2014'
"
Alternative fuel,u'All articles with unsourced statements'
Alternative fuel,u'Alternative energy'
Alternative fuel,u'Alternative fuels'
Alternative fuel,u'Articles with specifically marked weasel-worded phrases from October 2013'
Alternative fuel,u'Articles with unsourced statements from September 2012'
Alternative fuel,u'Articles with unsourced statements from September 2014'
Alternative fuel,u'CS1 German-language sources (de)'
Alternative fuel,u'Fuels'
Alternative fuel,u'Sustainable technologies'
Alternative fuel,"u'Wikipedia articles needing clarification from October 2013'
"
Wind farm,u'All Wikipedia articles in need of updating'
Wind farm,u'All articles containing potentially dated statements'
Wind farm,u'All articles with unsourced statements'
Wind farm,u'Articles containing potentially dated statements from 2015'
Wind farm,u'Articles with inconsistent citation formats'
Wind farm,u'Articles with unsourced statements from March 2012'
Wind farm,u'Articles with unsourced statements from October 2015'
Wind farm,u'CS1 maint: Multiple names: authors list'
Wind farm,u'Interlanguage link template link number'
Wind farm,u'Sustainable technologies'
Wind farm,u'Use British English from January 2013'
Wind farm,u'Use dmy dates from January 2013'
Wind farm,u'Wikipedia articles in need of updating from June 2012'
Wind farm,u'Wikipedia articles in need of updating from May 2014'
Wind farm,"u'Wind farms'
"
Green computing,u'All articles to be merged'
Green computing,u'All articles with dead external links'
Green computing,u'All articles with unsourced statements'
Green computing,u'Articles to be merged from January 2015'
Green computing,u'Articles with dead external links from June 2016'
Green computing,u'Articles with unsourced statements from May 2008'
Green computing,u'Articles with unsourced statements from May 2010'
Green computing,u'CS1 errors: dates'
Green computing,u'CS1 maint: Multiple names: authors list'
Green computing,u'Computers and the environment'
Green computing,"u'Sustainable technologies'
"
